client_id,num_samples,mean_rul,rul_variance,operating_condition_entropy,sensor_variance
1,114,99.33333333333333,650.2222222222223,3.99424599242436,7.84213732759493
2,180,118.73333333333333,159.17333333333332,3.767016941040876,17.769843754381238
