{
  "analysis": {
    "by_dataset": {
      "FD001": {
        "scaffold_rmse": 11.614174411410378,
        "feddc_rmse": 11.932593705702802,
        "improvement": -0.027416438139554012,
        "scaffold_time": 24.14508032798767,
        "feddc_time": 20.953078508377075,
        "time_overhead": -0.13220091945234078,
        "feddc_better": false,
        "no_regression": true
      },
      "FD002": {
        "scaffold_rmse": 41.16016842208746,
        "feddc_rmse": 33.66175422959655,
        "improvement": 0.1821764701153917,
        "scaffold_time": 19.692459106445312,
        "feddc_time": 20.292778253555298,
        "time_overhead": 0.030484722292174356,
        "feddc_better": true,
        "no_regression": true
      },
      "FD004": {
        "scaffold_rmse": 60.44495539185862,
        "feddc_rmse": 57.81343377330316,
        "improvement": 0.04353583523216401,
        "scaffold_time": 26.326321840286255,
        "feddc_time": 25.716880321502686,
        "time_overhead": -0.023149512585953505,
        "feddc_better": true,
        "no_regression": true
      }
    },
    "comparison": {
      "avg_scaffold_rmse": 37.739766075118816,
      "avg_feddc_rmse": 34.46926056953417,
      "overall_improvement": 0.08665940056636527
    },
    "decision": "PROMOTE",
    "reason": "FedDC outperforms SCAFFOLD on FD002/FD004 with no regression on FD001"
  },
  "summaries": [
    {
      "experiment_id": "validation_feddc/FD001_scaffold_42",
      "dataset": "FD001",
      "algorithm": "scaffold",
      "seed": 42,
      "rounds": 30,
      "n_clients": 5,
      "participation": 1.0,
      "alpha": null,
      "initial_rmse": 47.60590857927071,
      "final_rmse": 34.169279342346215,
      "best_rmse": 34.169279342346215,
      "best_round": 30,
      "test_rmse": 11.614174411410378,
      "test_mae": 9.716422758945802,
      "total_time": 24.14508032798767,
      "avg_round_time": 0.8048360109329223,
      "improvement": 0.28224709154643207,
      "round_rmse_history": [
        47.60590857927071,
        47.46640533393169,
        47.27763276220634,
        47.02876077235497,
        46.741600473573314,
        46.39362222041361,
        46.07225140252214,
        45.72591030897216,
        45.39838286039403,
        45.149839078938456,
        44.8765484305957,
        44.61026704517638,
        44.35098864589425,
        44.061757482769295,
        43.71864931621159,
        43.374913011439396,
        43.015506733992694,
        42.588567808191875,
        42.088839744157546,
        41.5870390170705,
        41.00571115905854,
        40.35864895610733,
        39.63461893808015,
        38.96887934507755,
        38.288563788820404,
        37.43132672012009,
        36.81019916880308,
        35.963608277720326,
        35.00457995106477,
        34.169279342346215
      ]
    },
    {
      "experiment_id": "validation_feddc/FD001_feddc_42",
      "dataset": "FD001",
      "algorithm": "feddc",
      "seed": 42,
      "rounds": 30,
      "n_clients": 5,
      "participation": 1.0,
      "alpha": 0.1,
      "initial_rmse": 47.60590857927071,
      "final_rmse": 34.93167191208001,
      "best_rmse": 34.93167191208001,
      "best_round": 30,
      "test_rmse": 11.932593705702802,
      "test_mae": 10.00677912575858,
      "total_time": 20.953078508377075,
      "avg_round_time": 0.6984359502792359,
      "improvement": 0.2662324288189199,
      "round_rmse_history": [
        47.60590857927071,
        47.46290309626992,
        47.25922727554737,
        46.962635664277826,
        46.5991121600398,
        46.248347184855675,
        45.899849302755285,
        45.58322622327448,
        45.27396858052545,
        45.08058465695424,
        44.81189290232816,
        44.5402828685008,
        44.311895679674144,
        44.12655016515834,
        43.82813828073397,
        43.54093902696813,
        43.205467213157,
        42.80323523938522,
        42.40142283273983,
        41.93598311419922,
        41.39831558476824,
        40.88970537675657,
        40.258270411253314,
        39.66212346150995,
        39.00622817771743,
        38.25590082305291,
        37.62612049359861,
        36.7175691169271,
        35.85102505805999,
        34.93167191208001
      ]
    },
    {
      "experiment_id": "validation_feddc/FD002_scaffold_42",
      "dataset": "FD002",
      "algorithm": "scaffold",
      "seed": 42,
      "rounds": 30,
      "n_clients": 5,
      "participation": 1.0,
      "alpha": null,
      "initial_rmse": 43.400510017187536,
      "final_rmse": 14.017367463636555,
      "best_rmse": 11.563101374739711,
      "best_round": 28,
      "test_rmse": 41.16016842208746,
      "test_mae": 39.858860044988965,
      "total_time": 19.692459106445312,
      "avg_round_time": 0.6564153035481771,
      "improvement": 0.6770229783455224,
      "round_rmse_history": [
        43.400510017187536,
        43.260138730105695,
        43.05817637259583,
        42.78862568749094,
        42.43539030843197,
        42.00211874714917,
        41.47273065659829,
        40.83013415821524,
        40.08574035079725,
        39.2260878217222,
        38.174937260249756,
        37.09414426570311,
        35.7888175537397,
        34.407982236972614,
        32.84335944035602,
        31.14068523608157,
        29.42807148213989,
        27.593085708620386,
        25.584418394823473,
        23.403937679535492,
        21.73956857349853,
        19.464325978346032,
        16.832708016294312,
        15.60169383611189,
        13.773838244477334,
        12.012602876331592,
        12.66704922552538,
        11.563101374739711,
        12.929740913544066,
        14.017367463636555
      ]
    },
    {
      "experiment_id": "validation_feddc/FD002_feddc_42",
      "dataset": "FD002",
      "algorithm": "feddc",
      "seed": 42,
      "rounds": 30,
      "n_clients": 5,
      "participation": 1.0,
      "alpha": 0.1,
      "initial_rmse": 43.400510017187536,
      "final_rmse": 13.079829475800732,
      "best_rmse": 12.996818730848716,
      "best_round": 29,
      "test_rmse": 33.66175422959655,
      "test_mae": 32.289820649241676,
      "total_time": 20.292778253555298,
      "avg_round_time": 0.6764259417851766,
      "improvement": 0.6986249822727696,
      "round_rmse_history": [
        43.400510017187536,
        43.2552048223359,
        43.04986969585616,
        42.77564381349153,
        42.4164065340168,
        41.964117476685054,
        41.43376266351592,
        40.81427295429494,
        40.112085422580485,
        39.323494574452084,
        38.35175557093013,
        37.4077875115887,
        36.2733973198428,
        35.08135667085793,
        33.79977511003132,
        32.40021933870562,
        31.031715119065776,
        29.50768989153882,
        27.865796767141248,
        25.941456418329725,
        24.485251433470868,
        22.593604479280543,
        20.641483456321865,
        18.941068081334425,
        17.24153741025647,
        15.555204674192426,
        14.780658172483646,
        13.442462233782312,
        12.996818730848716,
        13.079829475800732
      ]
    },
    {
      "experiment_id": "validation_feddc/FD004_scaffold_42",
      "dataset": "FD004",
      "algorithm": "scaffold",
      "seed": 42,
      "rounds": 30,
      "n_clients": 5,
      "participation": 1.0,
      "alpha": null,
      "initial_rmse": 59.47010918274485,
      "final_rmse": 24.501266331976186,
      "best_rmse": 14.132892158638473,
      "best_round": 25,
      "test_rmse": 60.44495539185862,
      "test_mae": 59.40663445689691,
      "total_time": 26.326321840286255,
      "avg_round_time": 0.8775440613428752,
      "improvement": 0.5880070396930567,